Ref_No,VM_ID,ImgSize,VM_Memory,MIPs,Bandwidth,PES
HEFT00001,0,17560,1446,1843.0,1770,3
HEFT00001,1,13721,769,1658.0,1082,1
HEFT00001,2,19540,1256,1583.0,1805,2
HEFT00001,3,15557,746,1347.0,1811,3
HEFT00001,4,19990,587,1337.0,1764,2
HEFT00001,5,19563,894,1084.0,1830,3
HEFT00001,6,17842,1459,1914.0,1787,1
HEFT00001,7,13433,593,1414.0,1526,1
HEFT00002,0,13855,1336,1983.0,1428,3
HEFT00002,1,15306,532,1356.0,1329,3
HEFT00002,2,14886,814,1389.0,1058,1
HEFT00002,3,16958,1280,1307.0,1307,3
HEFT00002,4,19026,1238,1805.0,1902,3
HEFT00002,5,13302,1160,1980.0,1357,2
HEFT00002,6,12181,1074,1073.0,1236,1
HEFT00002,7,11250,905,1392.0,1434,2
HEFT00002,8,11840,1280,1224.0,1848,3
HEFT00002,9,19008,1443,1554.0,1840,3
HEFT00002,10,10811,748,1773.0,1094,2
HEFT00003,0,11446,1413,1395.0,1327,3
HEFT00003,1,11093,535,1006.0,1745,2
HEFT00003,2,14469,680,1834.0,1277,2
HEFT00003,3,14464,722,1790.0,1360,1
HEFT00003,4,12535,609,1890.0,1985,2
HEFT00003,5,16127,1461,1616.0,1132,2
HEFT00003,6,12121,1001,1451.0,1296,3
HEFT00004,0,18622,1003,1929.0,1607,3
HEFT00004,1,16227,1114,1879.0,1828,3
HEFT00004,2,14563,1051,1339.0,1103,1
HEFT00004,3,18086,1522,1581.0,1319,2
HEFT00004,4,11715,1330,1840.0,1811,2
HEFT00004,5,17289,1019,1143.0,1986,1
HEFT00004,6,16438,1417,1448.0,1467,2
HEFT00005,0,15127,793,1152.0,1369,1
HEFT00005,1,15962,1425,1834.0,1402,2
HEFT00005,2,12558,1043,1283.0,1876,3
HEFT00005,3,12926,925,1864.0,1564,1
HEFT00005,4,10597,679,1934.0,1478,3
HEFT00005,5,13327,817,1143.0,1219,3
HEFT00005,6,13861,1505,1411.0,1774,3
HEFT00005,7,15058,703,1735.0,1216,2
HEFT00005,8,11208,1353,1986.0,1681,1
HEFT00005,9,18558,852,1804.0,1480,3
HEFT00005,10,16683,1162,1832.0,1925,1
HEFT00006,0,12950,730,1895.0,1941,1
HEFT00006,1,16167,1186,1605.0,1718,2
HEFT00006,2,15483,1175,1001.0,1725,1
HEFT00006,3,16951,1321,1408.0,1081,2
HEFT00006,4,16393,704,1244.0,1397,1
HEFT00006,5,12870,733,1065.0,1085,3
HEFT00006,6,11339,1066,1335.0,1811,2
HEFT00006,7,17534,1211,1931.0,1752,2
HEFT00006,8,11762,726,1165.0,1101,3
HEFT00007,0,17207,583,1382.0,1234,3
HEFT00007,1,11077,1015,1102.0,1977,1
HEFT00007,2,17358,1444,1726.0,1804,3
HEFT00007,3,12744,620,1539.0,1688,1
HEFT00007,4,19385,798,1371.0,1922,3
HEFT00007,5,12504,1486,1249.0,1350,1
HEFT00007,6,14503,1242,1952.0,1609,3
HEFT00007,7,10684,954,1321.0,1428,1
HEFT00007,8,18736,1058,1452.0,1784,2
HEFT00007,9,17121,712,1265.0,1909,2
HEFT00007,10,18696,1507,1002.0,1230,2
HEFT00008,0,14485,794,1356.0,1149,2
HEFT00008,1,18128,1101,1402.0,1882,2
HEFT00008,2,17121,1329,1081.0,1440,3
HEFT00008,3,12195,711,1247.0,1496,3
HEFT00008,4,15449,762,1220.0,1875,2
HEFT00008,5,10823,1330,1121.0,1188,3
HEFT00008,6,19506,799,1369.0,1367,1
HEFT00008,7,13753,1346,1590.0,1087,2
HEFT00009,0,16103,683,1300.0,1291,3
HEFT00009,1,11081,526,1533.0,1927,1
HEFT00009,2,13193,971,1280.0,1917,2
HEFT00009,3,13881,1043,1285.0,1605,2
HEFT00009,4,12811,854,1911.0,1479,1
HEFT00009,5,16951,572,1519.0,1576,3
HEFT00009,6,16610,894,1987.0,1675,1
HEFT00009,7,15368,1346,1099.0,1770,3
HEFT00009,8,16987,761,1447.0,1957,2
HEFT00009,9,19228,1197,1324.0,1808,3
HEFT00010,0,13246,744,1472.0,1375,2
HEFT00010,1,12374,1285,1210.0,1950,1
HEFT00010,2,16141,1521,1586.0,1158,1
HEFT00010,3,12852,602,1897.0,1804,2
HEFT00010,4,17455,1101,1245.0,1301,1
HEFT00010,5,13265,1047,1130.0,1475,1
HEFT00010,6,12996,546,1380.0,1066,3
HEFT00010,7,13726,1502,1175.0,1384,1
HEFT00010,8,13184,1465,1716.0,1690,1
HEFT00011,0,14304,887,1182.0,1143,3
HEFT00011,1,19788,1468,1635.0,1287,3
HEFT00011,2,19611,979,1144.0,1552,3
HEFT00011,3,12103,534,1496.0,1644,3
HEFT00011,4,13045,950,1094.0,1483,2
HEFT00011,5,11790,586,1785.0,1322,1
HEFT00011,6,10526,1348,1294.0,1750,3
HEFT00011,7,19754,1084,1161.0,1708,1
HEFT00011,8,16419,976,1937.0,1342,1
HEFT00011,9,10119,1245,1903.0,1886,2
HEFT00012,0,10993,1516,1223.0,1895,3
HEFT00012,1,16148,1350,1934.0,1551,3
HEFT00012,2,14036,620,1867.0,1768,1
HEFT00012,3,14506,836,1971.0,1671,1
HEFT00012,4,17444,826,1144.0,1734,2
HEFT00012,5,13940,696,1497.0,1440,1
HEFT00012,6,16289,855,1375.0,1064,3
HEFT00012,7,16543,580,1020.0,1257,1
HEFT00012,8,14284,644,1224.0,1899,3
HEFT00012,9,15159,1220,1719.0,1987,1
HEFT00012,10,11381,1101,1595.0,1770,1
HEFT00013,0,10749,1070,1989.0,1309,2
HEFT00013,1,12159,659,1477.0,1622,1
HEFT00013,2,16805,813,1573.0,1244,3
HEFT00013,3,18666,1164,1372.0,1994,3
HEFT00013,4,13537,831,1640.0,1199,1
HEFT00013,5,14100,727,1289.0,1616,3
HEFT00013,6,16117,1091,1103.0,1552,3
HEFT00013,7,19208,601,1952.0,1953,1
HEFT00013,8,13454,1219,1668.0,1466,2
HEFT00013,9,17749,1490,1049.0,1361,1
HEFT00014,0,14331,1380,1881.0,1517,1
HEFT00014,1,18337,1060,1407.0,1615,2
HEFT00014,2,12639,894,1540.0,1665,3
HEFT00014,3,16241,701,1157.0,1226,3
HEFT00014,4,12462,769,1428.0,1392,3
HEFT00014,5,10053,1521,1074.0,1891,1
HEFT00014,6,11949,1087,1388.0,1346,3
HEFT00014,7,18429,1165,1382.0,1005,3
HEFT00014,8,18421,1443,1175.0,1220,3
HEFT00014,9,16754,1152,1965.0,1883,1
HEFT00014,10,12690,1426,1357.0,1030,1
HEFT00015,0,12396,541,1186.0,1401,1
HEFT00015,1,15187,1380,1235.0,1382,2
HEFT00015,2,19031,1050,1054.0,1720,3
HEFT00015,3,11268,1032,1187.0,1217,1
HEFT00015,4,15380,924,1734.0,1422,1
HEFT00015,5,11255,1229,1373.0,1396,3
HEFT00015,6,19765,1284,1278.0,1908,3
HEFT00015,7,12180,1510,1879.0,1906,3
HEFT00015,8,12362,1048,1622.0,1906,3
HEFT00015,9,10304,862,1799.0,1223,1
HEFT00016,0,14225,1431,1019.0,1257,1
HEFT00016,1,16203,1187,1562.0,1610,1
HEFT00016,2,18362,1053,1127.0,1545,3
HEFT00016,3,15972,583,1780.0,1584,3
HEFT00016,4,19185,673,1640.0,1270,1
HEFT00016,5,14806,577,1397.0,1306,1
HEFT00016,6,17066,1012,1722.0,1266,3
HEFT00016,7,12233,683,1942.0,1362,1
HEFT00017,0,16376,593,1208.0,1655,2
HEFT00017,1,16619,1333,1627.0,1683,1
HEFT00017,2,14002,696,1627.0,1379,3
HEFT00017,3,10217,1527,1455.0,1213,1
HEFT00017,4,13359,1188,1786.0,1829,2
HEFT00017,5,11270,1439,1193.0,1281,2
HEFT00017,6,19589,745,1034.0,1230,1
HEFT00017,7,18862,1420,1006.0,1338,3
HEFT00017,8,10290,1303,1618.0,1725,3
HEFT00018,0,13705,1510,1020.0,1366,3
HEFT00018,1,18185,1148,1353.0,1920,3
HEFT00018,2,16958,1267,1250.0,1503,1
HEFT00018,3,18943,1070,1288.0,1993,1
HEFT00018,4,16482,899,1216.0,1797,1
HEFT00018,5,17004,1479,1987.0,1551,2
HEFT00018,6,10934,932,1465.0,1664,1
HEFT00018,7,10485,647,1271.0,1286,3
HEFT00019,0,16726,1435,1864.0,1750,1
HEFT00019,1,14453,1151,1232.0,1544,2
HEFT00019,2,15531,895,1956.0,1282,3
HEFT00019,3,17860,859,1865.0,1578,1
HEFT00019,4,15918,607,1269.0,1079,3
HEFT00019,5,12909,987,1814.0,1905,2
HEFT00019,6,19383,1082,1903.0,1428,3
HEFT00019,7,10765,1443,1066.0,1058,3
HEFT00019,8,16842,638,1246.0,1297,1
HEFT00019,9,11083,711,1461.0,1427,2
HEFT00019,10,13514,1157,1303.0,1281,2
HEFT00020,0,12321,1096,1981.0,1967,1
HEFT00020,1,12133,522,1904.0,1586,1
HEFT00020,2,17632,944,1390.0,1233,2
HEFT00020,3,18460,1068,1282.0,1756,1
HEFT00020,4,18113,874,1903.0,1348,3
HEFT00020,5,17400,974,1743.0,1950,2
HEFT00020,6,14187,1236,1459.0,1986,3
HEFT00021,0,12518,896,1764.0,1379,1
HEFT00021,1,12557,718,1683.0,1047,3
HEFT00021,2,12572,668,1654.0,1542,3
HEFT00021,3,19948,1381,1578.0,1593,2
HEFT00021,4,15527,991,1803.0,1772,1
HEFT00021,5,15889,1435,1018.0,1095,2
HEFT00021,6,12369,856,1679.0,1078,2
HEFT00021,7,19873,963,1125.0,1996,2
HEFT00022,0,12202,1091,1960.0,1414,2
HEFT00022,1,15915,1048,1828.0,1235,2
HEFT00022,2,10313,725,1899.0,1288,2
HEFT00022,3,14331,973,1186.0,1218,2
HEFT00022,4,17006,909,1088.0,1988,2
HEFT00022,5,15325,1090,1735.0,1194,1
HEFT00022,6,18867,899,1464.0,1243,3
HEFT00022,7,11380,772,1509.0,1471,2
HEFT00023,8,D:\Resource_Schedular\WorkflowSim\config\dax\CyberShake_100.xml
HEFT00023,11,D:\Resource_Schedular\WorkflowSim\config\dax\CyberShake_100.xml
